{"cameraMode":{"drawMode":0,"name":"Shaded","section":"Shading Mode"},"sceneLighting":true,"audioPlay":false,"sceneViewState":{"showFog":true,"showMaterialUpdate":false,"showSkybox":true,"showFlares":true,"showImageEffects":true,"showParticleSystems":true},"in2DMode":false,"pivot":{"x":2.521923065185547,"y":0.3167757987976074,"z":-4.488873481750488},"rotation":{"x":-0.10632608085870743,"y":0.8679347038269043,"z":-0.21130357682704926,"w":-0.4367389976978302},"size":7.514842987060547,"orthographic":false}