{"cameraMode":{"drawMode":0,"name":"Shaded","section":"Shading Mode"},"sceneLighting":true,"audioPlay":false,"sceneViewState":{"showFog":true,"showMaterialUpdate":false,"showSkybox":true,"showFlares":true,"showImageEffects":true,"showParticleSystems":true},"in2DMode":false,"pivot":{"x":2.703932762145996,"y":0.8576128482818604,"z":-4.965378761291504},"rotation":{"x":-0.11005012691020966,"y":0.8538865447044373,"z":-0.20111197233200074,"w":-0.46725571155548098},"size":2.9660253524780275,"orthographic":false}